{
  "capsule_id": "fed7604a-f86e-48a8-bd8d-6842a24318d1",
  "request_id": "e13423a8-028a-482d-8f4f-fea99307119c",
  "exported_at": "2025-07-19T17:52:02.107774",
  "export_format": "zip",
  "metadata": {
    "shared_context": {
      "language": "python",
      "created_at": "2025-07-19T17:02:03.598629",
      "updated_at": "2025-07-19T17:02:24.452085",
      "main_file_name": "main.py",
      "project_structure": "flat",
      "architecture_pattern": "monolith"
    },
    "agent_tiers_used": [
      "T0"
    ],
    "total_execution_time": 4.847871
  }
}