{
  "capsule_id": "fbb1f6bf-1667-44f5-b497-ca1c0c9bf75f",
  "request_id": "27231899-359e-4f11-bd54-5d706ef76601",
  "exported_at": "2025-07-19T18:04:08.890766",
  "export_format": "zip",
  "metadata": {
    "shared_context": {
      "language": "python",
      "created_at": "2025-07-19T17:58:50.089270",
      "updated_at": "2025-07-19T17:59:07.804465",
      "main_file_name": "main.py",
      "project_structure": "flat",
      "architecture_pattern": "monolith"
    },
    "agent_tiers_used": [
      "T3"
    ],
    "total_execution_time": 253.07759000000004
  }
}